<pkg-contents spec="1.12"><f n="PhoneGap-based Application" o="shazron" g="staff" p="16877" pt="/Users/shazron/Documents/Git/phonegap/iphone/PhoneGap-based Application" m="true" t="file"><f n=".DS_Store" o="shazron" g="staff" p="33188" x="true"/><f n="___PROJECTNAME___.xcodeproj" o="shazron" g="staff" p="16877"><f n="project.pbxproj" o="shazron" g="staff" p="33261"/><f n="shazron.pbxuser" o="shazron" g="staff" p="33188" x="true"/><f n="TemplateIcon.icns" o="shazron" g="staff" p="33188"/><f n="TemplateInfo.plist" o="shazron" g="staff" p="33188"/></f><f n="___PROJECTNAMEASIDENTIFIER___-Info.plist" o="shazron" g="staff" p="33188"/><f n="___PROJECTNAMEASIDENTIFIER____Prefix.pch" o="shazron" g="staff" p="33188"/><f n="Classes" o="shazron" g="staff" p="16877"><f n=".DS_Store" o="shazron" g="staff" p="33188" x="true"/><f n="___PROJECTNAMEASIDENTIFIER___AppDelegate.h" o="shazron" g="staff" p="33188"/><f n="___PROJECTNAMEASIDENTIFIER___AppDelegate.m" o="shazron" g="staff" p="33188"/></f><f n="main.m" o="shazron" g="staff" p="33188"/><f n="Plugins" o="shazron" g="staff" p="16877"/><f n="www" o="shazron" g="staff" p="16877"><f n=".DS_Store" o="shazron" g="staff" p="33188" x="true"/><f n="index.html" o="shazron" g="staff" p="33261"/><f n="master.css" o="shazron" g="staff" p="33261"/></f></f></pkg-contents>