<pkmkdoc spec="1.12"><properties><title>PhoneGapLib</title><build>/Users/shazron/Desktop/PhoneGapLib.pkg</build><organization>com.phonegap.phonegaplibinstaller</organization><userSees ui="both"/><min-target os="3"/><domain user="true"/></properties><distribution><versions min-spec="1.000000"/><scripts></scripts></distribution><contents><choice title="PhoneGapLib" id="choice5" starts_selected="true" starts_enabled="true" starts_hidden="false"><pkgref id="com.phonegap.phonegaplibinstaller.phonegaplib.pkg"/></choice><choice title="PhoneGap-based Application" id="choice15" starts_selected="true" starts_enabled="true" starts_hidden="false"><pkgref id="com.phonegap.phonegaplibinstaller.PhoneGap-basedApplication.pkg"/></choice></contents><resources bg-scale="none" bg-align="topleft"><locale lang="en"><resource relative="true" mod="true" type="readme">docs/readme.txt</resource><resource relative="true" mod="true" type="welcome">docs/introduction.txt</resource><resource relative="true" mod="true" type="conclusion">docs/finishup.txt</resource></locale></resources><requirements><requirement id="file" operator="eq" value="true"><file>/Developer/Applications/Xcode.app</file><message-title>Xcode not installed</message-title><message>Please install Xcode Developer Tools (it's on your OS DVD)</message></requirement><requirement id="file" operator="eq" value="true"><file>/Developer/Platforms/iPhoneOS.platform</file><message-title>iPhone SDK not found</message-title><message>Please download and install the iPhone SDK from http://developer.apple.com</message></requirement></requirements><flags/><item type="file">01phonegaplib.xml</item><item type="file">02phonegap.xml</item><mod>properties.title</mod><mod>properties.userDomain</mod><mod>properties.anywhereDomain</mod><mod>preinstallActions.actions</mod></pkmkdoc>